{
  "model": "google-gemma-3-12b-it",
  "total_questions": 406,
  "tier_counts": {
    "1": 215,
    "2": 191
  },
  "category_counts": {
    "bayesian_ppv": 215,
    "urn": 105,
    "coin": 75,
    "dice": 10,
    "card": 1
  },
  "p_entropy_A_mean": 2.563811876216638,
  "p_entropy_A_median": 2.629081856586779,
  "p_entropy_A_std": 0.990443252107048,
  "c_entropy_A_mean": 2.523646583555218,
  "c_entropy_A_median": 2.6426114049609426,
  "c_entropy_A_std": 0.5554895570066485,
  "p_entropy_B_mean": 3.081073497169354,
  "p_entropy_B_median": 3.2496257692019563,
  "p_entropy_B_std": 1.094893997798345,
  "c_entropy_B_mean": 1.8930466221838882,
  "c_entropy_B_median": 1.8724562031511494,
  "c_entropy_B_std": 0.3103873604520349,
  "n_modes_p_A_mean": 3.3275862068965516,
  "n_modes_p_A_median": 3.0,
  "n_modes_p_A_std": 1.992226271597024,
  "n_modes_c_A_mean": 4.071428571428571,
  "n_modes_c_A_median": 4.0,
  "n_modes_p_B_mean": 3.5665024630541873,
  "n_modes_p_B_median": 3.0,
  "n_modes_p_B_std": 1.911436944767229,
  "n_modes_c_B_mean": 3.0517241379310347,
  "n_modes_c_B_median": 3.0,
  "p_argmax_A_mean": 5.108374384236453,
  "p_argmax_A_pct_mult10": 0.7389162561576355,
  "p_argmax_A_pct_mult5": 8.620689655172415,
  "p_argmax_B_mean": 4.344827586206897,
  "p_argmax_B_pct_mult10": 1.2315270935960592,
  "p_argmax_B_pct_mult5": 4.433497536945813,
  "p_error_A_mean": 34.24564039408867,
  "p_error_A_median": 28.4,
  "p_error_A_std": 28.61500557673865,
  "p_error_B_mean": 34.69283251231527,
  "p_error_B_median": 30.57,
  "p_error_B_std": 28.69374351053591,
  "p_error_A_bayesian_ppv_mean": 37.93106976744186,
  "p_error_A_bayesian_ppv_median": 35.42,
  "p_error_A_card_mean": 23.0,
  "p_error_A_card_median": 23.0,
  "p_error_A_coin_mean": 37.86853333333333,
  "p_error_A_coin_median": 31.72,
  "p_error_A_dice_mean": 20.107,
  "p_error_A_dice_median": 14.280000000000001,
  "p_error_A_urn_mean": 25.565142857142853,
  "p_error_A_urn_median": 27.39,
  "p_error_B_bayesian_ppv_mean": 38.61813953488372,
  "p_error_B_bayesian_ppv_median": 35.0,
  "p_error_B_card_mean": 23.0,
  "p_error_B_card_median": 23.0,
  "p_error_B_coin_mean": 38.29786666666667,
  "p_error_B_coin_median": 32.53,
  "p_error_B_dice_mean": 21.107,
  "p_error_B_dice_median": 15.670000000000002,
  "p_error_B_urn_mean": 25.48552380952381,
  "p_error_B_urn_median": 27.39,
  "order_effect_p_mean": 1.4980357952732555,
  "order_effect_p_median": 1.1497127706617798,
  "order_effect_p_std": 1.3667343334733766,
  "order_effect_c_mean": 2.945991743372583,
  "order_effect_c_median": 2.651889247841303,
  "order_effect_c_std": 1.892461922727487
}