{
  "model": "Qwen-Qwen3-8B",
  "total_questions": 496,
  "tier_counts": {
    "1": 215,
    "2": 200,
    "3": 81
  },
  "category_counts": {
    "bayesian_ppv": 215,
    "urn": 105,
    "coin": 75,
    "base_rate_neglect": 25,
    "misc": 20,
    "dice": 10,
    "card": 10,
    "medical": 10,
    "general": 10,
    "weather": 8,
    "sports": 8
  },
  "p_entropy_A_mean": 3.4325184290023767,
  "p_entropy_A_median": 3.373243917020366,
  "p_entropy_A_std": 1.2455935745285234,
  "c_entropy_A_mean": 3.0959476002014603,
  "c_entropy_A_median": 3.078798330738355,
  "c_entropy_A_std": 0.7487256985044977,
  "p_entropy_B_mean": 4.354384591029313,
  "p_entropy_B_median": 4.517957794017713,
  "p_entropy_B_std": 1.0378168906223662,
  "c_entropy_B_mean": 2.893467020566779,
  "c_entropy_B_median": 3.154863019166602,
  "c_entropy_B_std": 0.5252771021379745,
  "n_modes_p_A_mean": 4.245967741935484,
  "n_modes_p_A_median": 3.0,
  "n_modes_p_A_std": 2.7670470477774463,
  "n_modes_c_A_mean": 5.502016129032258,
  "n_modes_c_A_median": 4.0,
  "n_modes_p_B_mean": 6.356854838709677,
  "n_modes_p_B_median": 5.0,
  "n_modes_p_B_std": 3.8830990158331553,
  "n_modes_c_B_mean": 4.711693548387097,
  "n_modes_c_B_median": 5.0,
  "p_argmax_A_mean": 3.308467741935484,
  "p_argmax_A_pct_mult10": 5.443548387096774,
  "p_argmax_A_pct_mult5": 13.911290322580644,
  "p_argmax_B_mean": 2.6391129032258065,
  "p_argmax_B_pct_mult10": 2.4193548387096775,
  "p_argmax_B_pct_mult5": 13.911290322580644,
  "p_error_A_mean": 35.36710843373494,
  "p_error_A_median": 28.77,
  "p_error_A_std": 29.929834659245277,
  "p_error_B_mean": 35.919927710843375,
  "p_error_B_median": 30.43,
  "p_error_B_std": 29.96542610391123,
  "p_error_A_bayesian_ppv_mean": 41.12576744186046,
  "p_error_A_bayesian_ppv_median": 38.62,
  "p_error_A_card_mean": 25.01,
  "p_error_A_card_median": 23.215,
  "p_error_A_coin_mean": 37.50986666666666,
  "p_error_A_coin_median": 30.72,
  "p_error_A_dice_mean": 19.762999999999998,
  "p_error_A_dice_median": 15.170000000000002,
  "p_error_A_urn_mean": 24.517523809523812,
  "p_error_A_urn_median": 26.43,
  "p_error_B_bayesian_ppv_mean": 41.78781395348837,
  "p_error_B_bayesian_ppv_median": 40.42,
  "p_error_B_card_mean": 24.51,
  "p_error_B_card_median": 22.715,
  "p_error_B_coin_mean": 38.112533333333324,
  "p_error_B_coin_median": 32.38,
  "p_error_B_dice_mean": 19.963,
  "p_error_B_dice_median": 15.170000000000002,
  "p_error_B_urn_mean": 24.94495238095238,
  "p_error_B_urn_median": 27.39,
  "order_effect_p_mean": 0.6586714265106081,
  "order_effect_p_median": 0.49173575970328065,
  "order_effect_p_std": 0.5787111598271459,
  "order_effect_c_mean": 0.6711199924899865,
  "order_effect_c_median": 0.5591832524845888,
  "order_effect_c_std": 0.7857775263283859
}